{  
"id": "bob-translation-fr",
"name": "greg-translation-fr",
"title": "[Translation] Band of Blades French",
"description": "la trad de greg de Band of Blades",
"version": "2.0",
"author": "Lordgore30",
"minimumCoreVersion": "9",
"compatibleCoreVersion": "13",
   "compatibility": {
      "minimum": 9,
      "verified": 13
  },
"scripts": [],
"esmodules": [],
"styles": [], 
"dependencies": [
  {
    "name": "band-of-blades",
    "type": "system",
    "version": "3.0.1"
  }
 ],
"languages": [
  {
    "lang": "fr",
    "name": "Français",
    "path": "lang/fr.json"
  }
],
"system": "band-of-blades",
"systemVersion": "3.0.1",
"url": "https://github.com/Lordgore30/bob-translation-fr",
"manifest": "https://raw.githubusercontent.com/Lordgore30/bob-translation-fr/main/module.json",
"download": ""
}
